pais_factor,idnum_factor,sex_factor,wave_factor,ocup4a_factor,q2_factor
Argentina,1241,Male,2016,Working,58
Argentina,1148,Male,2016,"Retired, pensioner or permanently disabled to work",53
Argentina,1263,Male,2016,Working,39
Argentina,302,Female,2016,Taking care of the home,49
Argentina,557,Male,2016,"Retired, pensioner or permanently disabled to work",66
Argentina,1335,Male,2016,Working,36
Argentina,1467,Female,2016,"Retired, pensioner or permanently disabled to work",42
Argentina,128,Female,2016,Taking care of the home,38
Argentina,1197,Female,2016,"Retired, pensioner or permanently disabled to work",63
Argentina,661,Male,2016,Working,27
Argentina,185,Female,2016,"Retired, pensioner or permanently disabled to work",50
Argentina,647,Female,2016,Not working and not looking for a job,25
Argentina,574,Female,2016,Working,26
Argentina,1142,Male,2016,Working,34
Argentina,26,Female,2016,Actively looking for a job,30
Argentina,1322,Male,2016,Working,63
Argentina,586,Female,2016,"Retired, pensioner or permanently disabled to work",51
Argentina,86,Female,2016,Working,22
Argentina,1078,Male,2016,Working,24
Argentina,1522,Male,2016,No Response,64
Argentina,1054,Female,2016,Actively looking for a job,21
Argentina,645,Male,2016,"Not working at the moment, but have a job",31
Argentina,894,Male,2016,"Retired, pensioner or permanently disabled to work",58
Argentina,1381,Male,2016,Working,39
Argentina,1501,Female,2016,"Retired, pensioner or permanently disabled to work",57
Argentina,317,Female,2016,Working,30
Argentina,326,Male,2016,Working,44
Argentina,1164,Female,2016,Taking care of the home,27
Argentina,1305,Male,2016,Working,42
Argentina,33,Male,2016,Working,32
Argentina,438,Female,2016,"Retired, pensioner or permanently disabled to work",73
Argentina,825,Male,2016,Working,38
Argentina,830,Female,2016,"Retired, pensioner or permanently disabled to work",52
Argentina,1121,Male,2016,Not working and not looking for a job,62
Argentina,987,Male,2016,Working,28
Argentina,175,Male,2016,Working,59
Argentina,1493,Female,2016,"Retired, pensioner or permanently disabled to work",85
Argentina,194,Female,2016,Actively looking for a job,38
Argentina,806,Male,2016,Working,46
Argentina,1519,Male,2016,Working,38
Argentina,255,Female,2016,"Retired, pensioner or permanently disabled to work",43
Argentina,1083,Female,2016,Taking care of the home,50
Argentina,448,Male,2016,Working,60
Argentina,1032,Female,2016,"Retired, pensioner or permanently disabled to work",77
Argentina,1214,Female,2016,"Retired, pensioner or permanently disabled to work",70
Argentina,1247,Male,2016,Working,38
Argentina,48,Male,2016,Working,33
Argentina,1018,Female,2016,Taking care of the home,43
Argentina,73,Female,2016,"Retired, pensioner or permanently disabled to work",63
Argentina,1273,Female,2016,Taking care of the home,36
Argentina,273,Male,2016,Working,27
Argentina,283,Female,2016,"Retired, pensioner or permanently disabled to work",80
Argentina,928,Male,2016,Actively looking for a job,28
Argentina,297,Male,2016,Not working and not looking for a job,25
Argentina,370,Female,2016,Working,53
Argentina,383,Female,2016,Taking care of the home,42
Argentina,315,Female,2016,Student,21
Argentina,1022,Female,2016,Student,17
Argentina,471,Female,2016,Working,42
Argentina,490,Male,2016,"Not working at the moment, but have a job",24
Argentina,734,Male,2016,Working,25
Argentina,289,Male,2016,"Not working at the moment, but have a job",24
Argentina,828,Female,2016,Working,34
Argentina,205,Female,2016,Taking care of the home,57
Argentina,365,Female,2016,Taking care of the home,42
Argentina,1110,Female,2016,Taking care of the home,44
Argentina,398,Male,2016,Working,26
Argentina,1375,Male,2016,"Not working at the moment, but have a job",29
Argentina,580,Female,2016,Actively looking for a job,58
Argentina,1165,Female,2016,Working,46
Argentina,216,Male,2016,Working,49
Argentina,1390,Male,2016,Working,26
Argentina,1362,Male,2016,Working,53
Argentina,848,Male,2016,Working,69
Argentina,234,Male,2016,Actively looking for a job,16
Argentina,67,Female,2016,Working,21
Argentina,1057,Male,2016,Working,54
Argentina,721,Female,2016,"Retired, pensioner or permanently disabled to work",58
Argentina,342,Female,2016,Not working and not looking for a job,30
Argentina,573,Female,2016,Taking care of the home,62
Argentina,778,Female,2016,Working,50
Argentina,799,Male,2016,"Retired, pensioner or permanently disabled to work",49
Argentina,1287,Male,2016,"Retired, pensioner or permanently disabled to work",68
Argentina,290,Female,2016,Working,26
Argentina,694,Female,2016,Taking care of the home,26
Argentina,79,Female,2016,Working,46
Argentina,1060,Female,2016,Taking care of the home,30
Argentina,1288,Female,2016,Working,33
Argentina,1356,Female,2016,Working,32
Argentina,530,Female,2016,"Retired, pensioner or permanently disabled to work",79
Argentina,800,Male,2016,"Not working at the moment, but have a job",58
Argentina,50,Female,2016,"Retired, pensioner or permanently disabled to work",46
Argentina,1427,Female,2016,Working,27
Argentina,628,Male,2016,Working,18
Argentina,973,Female,2016,Taking care of the home,57
Argentina,1378,Female,2016,Taking care of the home,46
Argentina,294,Female,2016,Taking care of the home,66
Argentina,745,Male,2016,Working,54
Argentina,1441,Female,2016,Working,48
Argentina,1200,Male,2016,Working,47
Argentina,639,Female,2016,Student,17
Argentina,364,Female,2016,Working,50
Argentina,1292,Female,2016,Working,30
Argentina,16,Female,2016,Student,17
Argentina,904,Female,2016,Working,49
Argentina,1297,Male,2016,Actively looking for a job,30
Argentina,1230,Male,2016,"Retired, pensioner or permanently disabled to work",68
Argentina,925,Female,2016,Working,30
Argentina,1216,Male,2016,Student,27
Argentina,1221,Female,2016,Working,44
Argentina,1081,Male,2016,Working,51
Argentina,1102,Male,2016,Working,48
Argentina,547,Male,2016,Working,32
Argentina,1123,Male,2016,Working,18
Argentina,286,Male,2016,"Retired, pensioner or permanently disabled to work",69
Argentina,1504,Male,2016,"Not working at the moment, but have a job",37
Argentina,1000,Female,2016,Working,24
Argentina,1472,Male,2016,Working,35
Argentina,65,Male,2016,Working,25
Argentina,1309,Female,2016,Taking care of the home,38
Argentina,802,Female,2016,Student,17
Argentina,473,Male,2016,Working,34
Argentina,681,Male,2016,Working,36
Argentina,971,Male,2016,Working,36
Argentina,1068,Male,2016,Working,29
Argentina,98,Male,2016,"Not working at the moment, but have a job",19
Argentina,550,Female,2016,Taking care of the home,49
Argentina,655,Female,2016,"Retired, pensioner or permanently disabled to work",60
Argentina,126,Male,2016,Working,65
Argentina,85,Female,2016,"Not working at the moment, but have a job",23
Argentina,343,Male,2016,Working,30
Argentina,1488,Female,2016,Taking care of the home,21
Argentina,783,Male,2016,Working,37
Argentina,1361,Male,2016,Working,18
Argentina,127,Female,2016,Working,23
Argentina,149,Male,2016,Working,19
Argentina,1524,Female,2016,Working,33
Argentina,627,Male,2016,Working,55
Argentina,133,Female,2016,"Retired, pensioner or permanently disabled to work",67
Argentina,935,Female,2016,Working,29
Argentina,229,Male,2016,Working,49
Argentina,865,Female,2016,Actively looking for a job,45
Argentina,1321,Female,2016,Working,62
Argentina,966,Male,2016,Working,28
Argentina,184,Female,2016,Student,20
Argentina,1491,Female,2016,Working,50
Argentina,1163,Female,2016,Working,40
Argentina,390,Male,2016,Working,18
Argentina,808,Male,2016,Student,19
Argentina,954,Male,2016,Working,55
Argentina,636,Male,2016,Actively looking for a job,39
Argentina,1494,Male,2016,Working,18
Argentina,1514,Male,2016,Working,62
Argentina,682,Female,2016,Taking care of the home,51
Argentina,460,Female,2016,Actively looking for a job,19
Argentina,1299,Female,2016,Student,20
Argentina,1043,Female,2016,"Not working at the moment, but have a job",62
Argentina,1351,Male,2016,Working,54
Argentina,1251,Female,2016,"Retired, pensioner or permanently disabled to work",71
Argentina,616,Female,2016,"Retired, pensioner or permanently disabled to work",68
Argentina,99,Male,2016,Working,44
Argentina,1358,Female,2016,Working,44
Argentina,157,Female,2016,Taking care of the home,32
Argentina,1186,Male,2016,Student,16
Argentina,596,Female,2016,Working,41
Argentina,770,Male,2016,Working,43
Argentina,801,Male,2016,Working,56
Argentina,1028,Male,2016,Working,31
Argentina,719,Male,2016,Working,63
Argentina,462,Male,2016,Working,59
Argentina,548,Male,2016,Working,34
Argentina,854,Female,2016,"Retired, pensioner or permanently disabled to work",69
Argentina,386,Female,2016,"Retired, pensioner or permanently disabled to work",64
Argentina,284,Male,2016,Working,60
Argentina,1159,Male,2016,Student,16
Argentina,58,Female,2016,Working,25
Argentina,1429,Female,2016,Working,57
Argentina,233,Female,2016,Working,20
Argentina,660,Male,2016,Working,58
Argentina,220,Male,2016,Working,18
Argentina,1312,Male,2016,"Retired, pensioner or permanently disabled to work",68
Argentina,338,Female,2016,"Retired, pensioner or permanently disabled to work",68
Argentina,1001,Male,2016,"Retired, pensioner or permanently disabled to work",76
Argentina,405,Male,2016,Working,58
Argentina,864,Male,2016,Working,32
Argentina,1337,Female,2016,Working,49
Argentina,1462,Female,2016,Working,31
Argentina,1199,Male,2016,Working,33
Argentina,267,Female,2016,Student,19
Argentina,1473,Male,2016,Working,47
Argentina,480,Female,2016,Working,39
Argentina,1087,Male,2016,Working,41
Argentina,1315,Male,2016,Working,46
Argentina,51,Male,2016,Working,34
Argentina,399,Female,2016,Taking care of the home,52
Argentina,525,Female,2016,Working,52
Argentina,1097,Female,2016,"Retired, pensioner or permanently disabled to work",83
Argentina,489,Male,2016,Student,18
Argentina,623,Female,2016,Taking care of the home,68
Argentina,239,Female,2016,Taking care of the home,51
Argentina,445,Male,2016,Working,35
Argentina,1213,Male,2016,Working,35
Argentina,362,Female,2016,Working,37
Argentina,826,Male,2016,Working,32
Argentina,1019,Female,2016,"Retired, pensioner or permanently disabled to work",50
Argentina,275,Female,2016,"Retired, pensioner or permanently disabled to work",74
Argentina,1174,Male,2016,Working,27
Argentina,198,Male,2016,Working,51
Argentina,1117,Female,2016,"Retired, pensioner or permanently disabled to work",66
Argentina,487,Female,2016,Taking care of the home,35
Argentina,1347,Female,2016,Taking care of the home,65
Argentina,1307,Female,2016,Actively looking for a job,30
Argentina,1219,Female,2016,Working,43
Argentina,722,Male,2016,Working,31
Argentina,1098,Female,2016,Taking care of the home,34
Argentina,1234,Male,2016,Working,38
Argentina,982,Male,2016,Working,50
Argentina,757,Female,2016,Taking care of the home,45
Argentina,1308,Female,2016,Student,16
Argentina,959,Male,2016,Working,51
Argentina,599,Female,2016,Working,29
Argentina,637,Male,2016,Working,19
Argentina,1024,Female,2016,Working,37
Argentina,202,Female,2016,Working,30
Argentina,240,Male,2016,Student,18
Argentina,187,Male,2016,Working,56
Argentina,1397,Male,2016,"Retired, pensioner or permanently disabled to work",63
Argentina,1385,Male,2016,Working,23
Argentina,1048,Female,2016,"Retired, pensioner or permanently disabled to work",55
Argentina,606,Male,2016,Working,41
Argentina,245,Male,2016,Working,31
Argentina,879,Female,2016,Working,29
Argentina,839,Male,2016,Working,20
Argentina,1370,Female,2016,Working,39
Argentina,1253,Female,2016,Actively looking for a job,33
Argentina,970,Male,2016,Working,58
Argentina,1369,Male,2016,Working,21
Argentina,59,Male,2016,Working,34
Argentina,882,Male,2016,Working,41
Argentina,158,Female,2016,Working,21
Argentina,177,Female,2016,Working,70
Argentina,1346,Female,2016,Working,44
Argentina,40,Female,2016,"Retired, pensioner or permanently disabled to work",68
Argentina,420,Female,2016,Taking care of the home,30
Argentina,1419,Male,2016,"Retired, pensioner or permanently disabled to work",68
Argentina,1040,Male,2016,Working,19
Argentina,976,Male,2016,Working,50
Argentina,1411,Female,2016,Student,29
Argentina,605,Male,2016,Working,51
Argentina,1061,Female,2016,Student,25
Argentina,409,Female,2016,"Retired, pensioner or permanently disabled to work",62
Argentina,1244,Male,2016,Working,36
Argentina,868,Male,2016,Working,27
Argentina,607,Female,2016,"Retired, pensioner or permanently disabled to work",67
Argentina,1391,Female,2016,"Retired, pensioner or permanently disabled to work",66
Argentina,131,Female,2016,Taking care of the home,34
Argentina,847,Male,2016,Working,29
Argentina,1131,Female,2016,Taking care of the home,26
Argentina,1232,Male,2016,Working,26
Argentina,60,Female,2016,Taking care of the home,47
Argentina,967,Female,2016,Actively looking for a job,18
Argentina,554,Female,2016,"Retired, pensioner or permanently disabled to work",61
Argentina,117,Male,2016,"Retired, pensioner or permanently disabled to work",76
Argentina,913,Female,2016,Working,25
Argentina,815,Female,2016,"Not working at the moment, but have a job",33
Argentina,279,Female,2016,Working,54
Argentina,996,Male,2016,Working,38
Argentina,238,Male,2016,Working,30
Argentina,153,Male,2016,Working,38
Argentina,1352,Male,2016,Working,51
Argentina,572,Female,2016,Taking care of the home,60
Argentina,1310,Male,2016,Student,16
Argentina,909,Female,2016,Taking care of the home,32
Argentina,458,Male,2016,No Response,19
Argentina,139,Male,2016,"Retired, pensioner or permanently disabled to work",59
Argentina,1398,Male,2016,Working,24
Argentina,1296,Female,2016,"Retired, pensioner or permanently disabled to work",68
Argentina,360,Male,2016,Working,33
Argentina,634,Male,2016,Working,19
Argentina,151,Female,2016,Taking care of the home,45
Argentina,1155,Male,2016,Student,19
Argentina,857,Female,2016,"Retired, pensioner or permanently disabled to work",68
Argentina,188,Female,2016,Student,18
Argentina,100,Female,2016,"Retired, pensioner or permanently disabled to work",65
Argentina,1049,Female,2016,Taking care of the home,28
Argentina,1180,Male,2016,Working,55
Argentina,440,Female,2016,"Retired, pensioner or permanently disabled to work",86
Argentina,949,Male,2016,Student,16
Argentina,716,Female,2016,Student,29
Argentina,243,Female,2016,Working,30
Argentina,1252,Female,2016,Working,27
Argentina,979,Male,2016,Working,43
Argentina,1239,Male,2016,Working,45
Argentina,1447,Female,2016,Working,43
Argentina,428,Female,2016,Taking care of the home,32
Argentina,424,Male,2016,Working,31
Argentina,221,Male,2016,Working,35
Argentina,983,Male,2016,Working,34
Argentina,1275,Female,2016,Working,37
Argentina,230,Male,2016,Working,60
Argentina,211,Female,2016,Working,37
Argentina,918,Male,2016,Actively looking for a job,38
Argentina,872,Female,2016,Working,30
Argentina,1140,Female,2016,Working,21
Argentina,484,Male,2016,"Retired, pensioner or permanently disabled to work",66
Argentina,124,Male,2016,"Retired, pensioner or permanently disabled to work",75
Argentina,34,Female,2016,Actively looking for a job,30
Argentina,1476,Female,2016,Working,30
Argentina,1215,Female,2016,Taking care of the home,54
Argentina,811,Female,2016,"Retired, pensioner or permanently disabled to work",83
Argentina,796,Male,2016,Working,38
Argentina,1229,Male,2016,"Retired, pensioner or permanently disabled to work",66
Argentina,955,Female,2016,Working,53
Argentina,120,Female,2016,Working,25
Argentina,1086,Female,2016,"Retired, pensioner or permanently disabled to work",65
Argentina,578,Female,2016,Taking care of the home,36
Argentina,241,Male,2016,Not working and not looking for a job,18
Argentina,565,Male,2016,Working,26
Argentina,129,Male,2016,"Retired, pensioner or permanently disabled to work",71
Argentina,676,Female,2016,"Retired, pensioner or permanently disabled to work",63
Argentina,1141,Female,2016,"Retired, pensioner or permanently disabled to work",66
Argentina,90,Female,2016,Working,34
Argentina,1138,Male,2016,Working,39
Argentina,125,Female,2016,Working,48
Argentina,1348,Male,2016,Working,51
Argentina,1157,Female,2016,Working,58
Argentina,1071,Female,2016,Working,33
Argentina,517,Male,2016,"Not working at the moment, but have a job",25
Argentina,136,Female,2016,Student,17
Argentina,677,Male,2016,Working,24
Argentina,410,Female,2016,Working,34
Argentina,1033,Female,2016,Taking care of the home,50
Argentina,350,Male,2016,"Retired, pensioner or permanently disabled to work",79
Argentina,531,Female,2016,Working,40
Argentina,361,Female,2016,Taking care of the home,36
Argentina,91,Male,2016,Working,51
Argentina,426,Female,2016,Working,48
Argentina,351,Male,2016,"Retired, pensioner or permanently disabled to work",75
Argentina,762,Female,2016,Student,23
Argentina,186,Female,2016,"Retired, pensioner or permanently disabled to work",62
Argentina,391,Female,2016,Working,54
Argentina,788,Male,2016,Working,31
Argentina,115,Female,2016,Taking care of the home,31
Argentina,142,Female,2016,Taking care of the home,43
Argentina,812,Female,2016,Taking care of the home,49
Argentina,1115,Male,2016,Working,47
Argentina,56,Male,2016,Working,39
Argentina,1311,Male,2016,Working,58
Argentina,985,Female,2016,Working,70
Argentina,1449,Male,2016,Working,36
Argentina,276,Male,2016,Actively looking for a job,43
Argentina,1236,Female,2016,Working,56
Argentina,18,Female,2016,Taking care of the home,32
Argentina,329,Male,2016,Working,55
Argentina,418,Male,2016,Working,37
Argentina,1114,Male,2016,Student,22
Argentina,1475,Female,2016,"Retired, pensioner or permanently disabled to work",78
Argentina,1425,Female,2016,"Retired, pensioner or permanently disabled to work",78
Argentina,1188,Female,2016,"Retired, pensioner or permanently disabled to work",66
Argentina,1190,Female,2016,Working,48
Argentina,713,Female,2016,Taking care of the home,34
Argentina,919,Female,2016,Taking care of the home,29
Argentina,726,Female,2016,Student,20
Argentina,36,Male,2016,Working,31
Argentina,903,Female,2016,Working,47
Argentina,980,Male,2016,"Retired, pensioner or permanently disabled to work",66
Argentina,1302,Female,2016,Taking care of the home,47
Argentina,247,Male,2016,"Retired, pensioner or permanently disabled to work",89
Argentina,564,Female,2016,Working,51
Argentina,1478,Female,2016,Working,51
Argentina,200,Female,2016,Taking care of the home,29
Argentina,835,Female,2016,Working,27
Argentina,1331,Female,2016,Don't Know,29
Argentina,1196,Female,2016,Working,34
Argentina,1173,Female,2016,Working,45
Argentina,1285,Male,2016,Working,35
Argentina,988,Female,2016,Working,31
Argentina,943,Male,2016,Working,17
Argentina,905,Male,2016,"Not working at the moment, but have a job",44
Argentina,1041,Male,2016,Actively looking for a job,49
Argentina,147,Male,2016,Working,44
Argentina,1160,Female,2016,Working,19
Argentina,379,Female,2016,Taking care of the home,60
Argentina,281,Female,2016,"Retired, pensioner or permanently disabled to work",69
Argentina,617,Male,2016,"Not working at the moment, but have a job",29
Argentina,648,Female,2016,"Retired, pensioner or permanently disabled to work",75
Argentina,250,Female,2016,Working,22
Argentina,867,Female,2016,Taking care of the home,47
Argentina,509,Female,2016,Working,35
Argentina,1439,Female,2016,Working,38
Argentina,797,Female,2016,Taking care of the home,54
Argentina,945,Female,2016,Working,42
Argentina,475,Male,2016,Working,50
Argentina,415,Male,2016,Actively looking for a job,49
Argentina,1109,Male,2016,Working,53
Argentina,148,Female,2016,Student,17
Argentina,347,Female,2016,Working,18
Argentina,1279,Male,2016,Working,50
Argentina,1012,Female,2016,Taking care of the home,31
Argentina,1445,Male,2016,Working,56
Argentina,137,Female,2016,"Retired, pensioner or permanently disabled to work",65
Argentina,555,Male,2016,Working,31
Argentina,964,Female,2016,"Retired, pensioner or permanently disabled to work",79
Argentina,1245,Male,2016,Working,48
Argentina,665,Male,2016,Working,22
Argentina,1332,Female,2016,Actively looking for a job,25
Argentina,164,Female,2016,Working,53
Argentina,600,Male,2016,Working,24
Argentina,932,Female,2016,Working,26
Argentina,816,Male,2016,Working,35
Argentina,1350,Male,2016,Working,24
Argentina,756,Male,2016,Working,26
Argentina,814,Female,2016,Working,37
Argentina,45,Male,2016,Working,56
Argentina,1515,Male,2016,Working,34
Argentina,724,Female,2016,Taking care of the home,45
Argentina,1459,Female,2016,Student,28
Argentina,1039,Male,2016,Working,25
Argentina,265,Male,2016,Working,38
Argentina,1011,Male,2016,"Retired, pensioner or permanently disabled to work",56
Argentina,430,Female,2016,Taking care of the home,37
Argentina,1278,Male,2016,"Retired, pensioner or permanently disabled to work",52
Argentina,615,Female,2016,Working,43
Argentina,1152,Male,2016,Working,49
Argentina,55,Male,2016,Working,52
Argentina,1025,Female,2016,Taking care of the home,88
Argentina,1162,Male,2016,Working,54
Argentina,1195,Male,2016,Working,37
Argentina,422,Male,2016,Working,18
Argentina,752,Male,2016,"Retired, pensioner or permanently disabled to work",58
Argentina,35,Female,2016,Working,55
Argentina,378,Male,2016,Working,59
Argentina,1433,Male,2016,"Retired, pensioner or permanently disabled to work",68
Argentina,114,Male,2016,Working,23
Argentina,684,Female,2016,Taking care of the home,34
Argentina,1437,Male,2016,Working,44
Argentina,1280,Male,2016,"Retired, pensioner or permanently disabled to work",52
Argentina,916,Male,2016,Working,56
Argentina,759,Male,2016,Working,32
Argentina,1442,Male,2016,Working,51
Argentina,1005,Male,2016,Actively looking for a job,20
Argentina,1090,Male,2016,Working,48
Argentina,946,Male,2016,Working,50
Argentina,494,Female,2016,Taking care of the home,49
Argentina,1262,Male,2016,Student,18
Argentina,1218,Male,2016,Working,58
Argentina,258,Male,2016,Actively looking for a job,25
Argentina,11,Female,2016,Actively looking for a job,53
Argentina,859,Male,2016,Working,45
Argentina,1222,Female,2016,Taking care of the home,44
Argentina,524,Female,2016,"Not working at the moment, but have a job",47
Argentina,810,Female,2016,Taking care of the home,41
Argentina,910,Female,2016,Working,31
Argentina,1206,Male,2016,Working,25
Argentina,470,Male,2016,"Retired, pensioner or permanently disabled to work",79
Argentina,866,Female,2016,"Retired, pensioner or permanently disabled to work",69
Argentina,989,Female,2016,Working,50
Argentina,758,Female,2016,Taking care of the home,26
Argentina,1143,Male,2016,Student,23
Argentina,254,Male,2016,Working,27
Argentina,1137,Male,2016,Working,60
Argentina,775,Male,2016,"Not working at the moment, but have a job",51
Argentina,777,Male,2016,Working,60
Argentina,1371,Female,2016,Working,18
Argentina,425,Male,2016,"Retired, pensioner or permanently disabled to work",70
Argentina,1487,Female,2016,Taking care of the home,50
Argentina,704,Male,2016,"Retired, pensioner or permanently disabled to work",78
Argentina,1426,Female,2016,Taking care of the home,71
Argentina,629,Female,2016,Student,20
Argentina,253,Female,2016,Working,49
Argentina,94,Male,2016,Actively looking for a job,20
Argentina,823,Female,2016,Working,50
Argentina,737,Male,2016,Working,41
Argentina,659,Female,2016,Working,38
Argentina,332,Female,2016,Working,30
Argentina,543,Male,2016,Working,41
Argentina,1479,Male,2016,Working,49
Argentina,492,Female,2016,"Retired, pensioner or permanently disabled to work",71
Argentina,1103,Male,2016,Working,17
Argentina,728,Female,2016,Working,25
Argentina,840,Male,2016,Working,26
Argentina,1276,Female,2016,Working,24
Argentina,345,Female,2016,Working,30
Argentina,1092,Female,2016,Taking care of the home,30
Argentina,1327,Female,2016,Working,32
Argentina,508,Male,2016,Student,16
Argentina,990,Female,2016,"Retired, pensioner or permanently disabled to work",57
Argentina,1395,Female,2016,Working,31
Argentina,1007,Male,2016,Working,44
Argentina,1430,Male,2016,Student,23
Argentina,695,Female,2016,Taking care of the home,49
Argentina,53,Female,2016,Working,38
Argentina,293,Male,2016,Working,64
Argentina,465,Female,2016,Working,49
Argentina,182,Female,2016,Working,24
Argentina,1499,Male,2016,"Not working at the moment, but have a job",20
Argentina,140,Female,2016,"Retired, pensioner or permanently disabled to work",81
Argentina,609,Male,2016,Working,29
Argentina,8,Female,2016,Taking care of the home,16
Argentina,1146,Female,2016,Taking care of the home,50
Argentina,781,Male,2016,Working,53
Argentina,1328,Male,2016,"Retired, pensioner or permanently disabled to work",81
Argentina,312,Female,2016,Taking care of the home,30
Argentina,618,Male,2016,Working,62
Argentina,260,Female,2016,Taking care of the home,31
Argentina,1112,Male,2016,Working,30
Argentina,1413,Male,2016,"Retired, pensioner or permanently disabled to work",71
Argentina,1293,Male,2016,Working,26
Argentina,77,Female,2016,Working,49
Argentina,621,Male,2016,Actively looking for a job,20
Argentina,155,Female,2016,Not working and not looking for a job,40
Argentina,603,Male,2016,Working,30
Argentina,896,Male,2016,Working,43
Argentina,1134,Male,2016,"Retired, pensioner or permanently disabled to work",74
Argentina,1257,Male,2016,"Not working at the moment, but have a job",30
Argentina,372,Female,2016,Taking care of the home,35
Argentina,1020,Male,2016,"Retired, pensioner or permanently disabled to work",66
Argentina,669,Male,2016,Working,25
Argentina,679,Male,2016,Working,37
Argentina,961,Female,2016,Working,30
Argentina,974,Male,2016,Working,60
Argentina,1418,Male,2016,Working,48
Argentina,805,Male,2016,Working,20
Argentina,459,Female,2016,Working,52
Argentina,337,Male,2016,Working,48
Argentina,1330,Male,2016,Working,50
Argentina,592,Male,2016,Student,17
Argentina,1265,Female,2016,Student,16
Argentina,1136,Female,2016,"Retired, pensioner or permanently disabled to work",65
Argentina,743,Male,2016,"Retired, pensioner or permanently disabled to work",72
Argentina,354,Male,2016,Working,34
Argentina,1474,Female,2016,Taking care of the home,38
Argentina,1448,Female,2016,Taking care of the home,34
Argentina,1333,Female,2016,Student,21
Argentina,210,Male,2016,"Retired, pensioner or permanently disabled to work",55
Argentina,491,Male,2016,Working,50
Argentina,881,Female,2016,Taking care of the home,67
Argentina,968,Female,2016,Working,55
Argentina,995,Male,2016,"Not working at the moment, but have a job",17
Argentina,1003,Female,2016,Student,21
Argentina,850,Female,2016,"Retired, pensioner or permanently disabled to work",65
Argentina,1151,Male,2016,Working,46
Argentina,790,Male,2016,Working,32
Argentina,15,Female,2016,"Retired, pensioner or permanently disabled to work",69
Argentina,939,Male,2016,Working,41
Argentina,1189,Male,2016,Working,41
Argentina,203,Male,2016,Working,50
Argentina,693,Male,2016,Student,18
Argentina,1295,Male,2016,Working,26
Argentina,274,Female,2016,"Retired, pensioner or permanently disabled to work",80
Argentina,536,Male,2016,Working,35
Argentina,1015,Male,2016,Student,18
Argentina,12,Male,2016,Working,31
Argentina,1277,Female,2016,Student,21
Argentina,204,Female,2016,Taking care of the home,49
Argentina,1108,Male,2016,Working,47
Argentina,52,Male,2016,Working,41
Argentina,821,Male,2016,Working,55
Argentina,1158,Female,2016,Working,48
Argentina,143,Female,2016,Working,29
Argentina,96,Male,2016,Working,84
Argentina,906,Female,2016,Taking care of the home,51
Argentina,760,Male,2016,Working,59
Argentina,1037,Female,2016,"Retired, pensioner or permanently disabled to work",63
Argentina,773,Male,2016,Not working and not looking for a job,41
Argentina,741,Male,2016,Working,50
Argentina,493,Female,2016,Taking care of the home,33
Argentina,1414,Female,2016,Taking care of the home,24
Argentina,697,Female,2016,Taking care of the home,31
Argentina,385,Male,2016,Student,24
Argentina,1451,Male,2016,"Retired, pensioner or permanently disabled to work",76
Argentina,683,Female,2016,Working,37
Argentina,453,Female,2016,Working,60
Argentina,1400,Female,2016,Working,37
Argentina,306,Female,2016,Student,20
Argentina,1147,Female,2016,Working,23
Argentina,1507,Female,2016,Actively looking for a job,25
Argentina,643,Male,2016,Working,32
Argentina,305,Male,2016,Working,48
Argentina,47,Male,2016,Actively looking for a job,64
Argentina,633,Male,2016,Working,69
Argentina,920,Male,2016,Taking care of the home,35
Argentina,725,Female,2016,Not working and not looking for a job,82
Argentina,145,Male,2016,Working,49
Argentina,1271,Male,2016,Working,19
Argentina,981,Male,2016,Student,22
Argentina,1046,Male,2016,Working,27
Argentina,298,Male,2016,Working,46
Argentina,168,Female,2016,Taking care of the home,23
Argentina,1520,Female,2016,Working,45
Argentina,999,Female,2016,Working,48
Argentina,42,Male,2016,Working,48
Argentina,1406,Female,2016,Working,29
Argentina,121,Female,2016,Working,16
Argentina,709,Male,2016,Working,30
Argentina,156,Female,2016,Actively looking for a job,45
Argentina,1104,Female,2016,Not working and not looking for a job,53
Argentina,1319,Male,2016,Working,40
Argentina,2,Male,2016,Working,23
Argentina,897,Female,2016,Working,23
Argentina,1440,Female,2016,Actively looking for a job,33
Argentina,803,Male,2016,Student,17
Argentina,851,Male,2016,Working,50
Argentina,375,Female,2016,"Retired, pensioner or permanently disabled to work",62
Argentina,1376,Male,2016,Student,21
Argentina,680,Female,2016,Taking care of the home,30
Argentina,349,Female,2016,Working,64
Argentina,838,Male,2016,Working,48
Argentina,885,Male,2016,Working,30
Argentina,436,Male,2016,Working,20
Argentina,439,Female,2016,Working,53
Argentina,313,Female,2016,"Retired, pensioner or permanently disabled to work",75
Argentina,844,Female,2016,Working,30
Argentina,887,Male,2016,"Retired, pensioner or permanently disabled to work",74
Argentina,579,Female,2016,Working,30
Argentina,1205,Female,2016,Student,22
Argentina,708,Male,2016,Working,49
Argentina,130,Female,2016,Working,59
Argentina,880,Female,2016,Working,48
Argentina,1129,Female,2016,Working,20
Argentina,434,Male,2016,Working,54
Argentina,817,Male,2016,Working,41
Argentina,339,Female,2016,Working,31
Argentina,1118,Female,2016,Taking care of the home,63
Argentina,22,Male,2016,Working,24
Argentina,1070,Male,2016,Working,27
Argentina,1042,Male,2016,Working,30
Argentina,1368,Female,2016,Taking care of the home,47
Argentina,1416,Female,2016,"Not working at the moment, but have a job",60
Argentina,685,Female,2016,Actively looking for a job,22
Argentina,333,Male,2016,Working,35
Argentina,690,Female,2016,Taking care of the home,55
Argentina,1484,Female,2016,Actively looking for a job,28
Argentina,447,Female,2016,Working,29
Argentina,1052,Female,2016,Not working and not looking for a job,34
Argentina,1006,Male,2016,"Retired, pensioner or permanently disabled to work",68
Argentina,1111,Male,2016,Actively looking for a job,37
Argentina,516,Female,2016,Working,26
Argentina,1169,Male,2016,Actively looking for a job,34
Argentina,1444,Male,2016,Working,61
Argentina,651,Male,2016,Working,42
Argentina,1446,Male,2016,Working,29
Argentina,1259,Female,2016,Working,65
Argentina,25,Male,2016,Working,43
Argentina,387,Male,2016,Working,26
Argentina,400,Male,2016,Student,19
Argentina,846,Male,2016,Actively looking for a job,56
Argentina,1502,Female,2016,Taking care of the home,76
Argentina,789,Male,2016,Working,66
Argentina,1396,Female,2016,Working,21
Argentina,1403,Female,2016,"Retired, pensioner or permanently disabled to work",78
Argentina,1004,Female,2016,"Retired, pensioner or permanently disabled to work",68
Argentina,1282,Female,2016,"Not working at the moment, but have a job",41
Argentina,135,Female,2016,Actively looking for a job,25
Argentina,1525,Female,2016,"Retired, pensioner or permanently disabled to work",58
Argentina,576,Female,2016,"Retired, pensioner or permanently disabled to work",63
Argentina,244,Female,2016,Working,55
Argentina,1339,Male,2016,Working,37
Argentina,1194,Male,2016,Working,34
Argentina,1517,Female,2016,Working,41
Argentina,1291,Female,2016,Working,62
Argentina,1076,Male,2016,"Retired, pensioner or permanently disabled to work",66
Argentina,1523,Male,2016,Working,25
Argentina,1435,Male,2016,Working,32
Argentina,1101,Male,2016,Working,47
Argentina,41,Male,2016,Student,18
Argentina,526,Male,2016,Student,19
Argentina,196,Female,2016,Working,55
Argentina,575,Female,2016,Actively looking for a job,39
Argentina,66,Male,2016,Working,52
Argentina,912,Female,2016,Taking care of the home,50
Argentina,1064,Male,2016,Working,44
Argentina,664,Male,2016,Working,47
Argentina,89,Female,2016,"Not working at the moment, but have a job",30
Argentina,921,Female,2016,Working,29
Argentina,804,Male,2016,Working,35
Argentina,328,Male,2016,Working,21
Argentina,841,Female,2016,Working,32
Argentina,1260,Male,2016,Working,31
Argentina,1450,Male,2016,"Not working at the moment, but have a job",18
Argentina,843,Female,2016,Working,37
Argentina,272,Male,2016,Working,27
Argentina,446,Female,2016,Working,48
Argentina,299,Male,2016,Working,67
Argentina,107,Female,2016,Actively looking for a job,20
Argentina,567,Male,2016,Working,52
Argentina,625,Female,2016,"Retired, pensioner or permanently disabled to work",30
Argentina,855,Female,2016,Taking care of the home,55
Argentina,74,Male,2016,Working,45
Argentina,1469,Male,2016,Working,34
Argentina,702,Male,2016,Working,29
Argentina,324,Male,2016,Working,63
Argentina,986,Male,2016,"Retired, pensioner or permanently disabled to work",74
Argentina,455,Female,2016,Working,48
Argentina,582,Female,2016,Working,50
Argentina,527,Male,2016,Working,46
Argentina,331,Male,2016,Working,46
Argentina,1323,Male,2016,Working,22
Argentina,1482,Male,2016,Working,57
Argentina,1290,Female,2016,Taking care of the home,46
Argentina,710,Male,2016,"Retired, pensioner or permanently disabled to work",55
Argentina,320,Male,2016,Student,20
Argentina,1130,Female,2016,Not working and not looking for a job,50
Argentina,437,Male,2016,Working,22
Argentina,649,Female,2016,Working,40
Argentina,463,Female,2016,Student,21
Argentina,152,Male,2016,Student,16
Argentina,1212,Female,2016,Student,20
Argentina,631,Male,2016,Actively looking for a job,32
Argentina,87,Male,2016,Working,57
Argentina,706,Male,2016,"Retired, pensioner or permanently disabled to work",71
Argentina,691,Male,2016,Working,30
Argentina,1105,Female,2016,Student,17
Argentina,1128,Male,2016,Working,61
Argentina,1240,Female,2016,Taking care of the home,30
Argentina,560,Male,2016,"Retired, pensioner or permanently disabled to work",69
Argentina,257,Male,2016,Working,27
Argentina,666,Female,2016,Student,17
Argentina,269,Female,2016,"Retired, pensioner or permanently disabled to work",74
Argentina,1364,Male,2016,Working,31
Argentina,1304,Female,2016,"Retired, pensioner or permanently disabled to work",63
Argentina,1008,Male,2016,Working,52
Argentina,794,Male,2016,"Retired, pensioner or permanently disabled to work",69
Argentina,771,Female,2016,Taking care of the home,40
Argentina,1274,Female,2016,Working,50
Argentina,703,Male,2016,"Retired, pensioner or permanently disabled to work",75
Argentina,1283,Male,2016,Actively looking for a job,48
Argentina,619,Female,2016,Working,63
Argentina,75,Female,2016,Working,42
Argentina,1220,Female,2016,Taking care of the home,33
Argentina,1085,Female,2016,Student,16
Argentina,809,Female,2016,Working,50
Argentina,1432,Female,2016,Not working and not looking for a job,44
Argentina,268,Male,2016,Working,28
Argentina,614,Male,2016,Working,52
Argentina,295,Male,2016,Student,17
Argentina,539,Female,2016,"Retired, pensioner or permanently disabled to work",65
Argentina,169,Female,2016,Taking care of the home,39
Argentina,1470,Female,2016,"Retired, pensioner or permanently disabled to work",47
Argentina,1393,Male,2016,Student,17
Argentina,335,Male,2016,"Retired, pensioner or permanently disabled to work",67
Argentina,1242,Female,2016,"Retired, pensioner or permanently disabled to work",66
Argentina,81,Female,2016,Student,20
Argentina,556,Male,2016,"Retired, pensioner or permanently disabled to work",70
Argentina,483,Female,2016,Working,32
Argentina,201,Male,2016,"Retired, pensioner or permanently disabled to work",82
Argentina,452,Male,2016,"Retired, pensioner or permanently disabled to work",58
Argentina,750,Male,2016,Actively looking for a job,22
Argentina,208,Female,2016,Working,24
Argentina,1077,Female,2016,Working,76
Argentina,197,Female,2016,Taking care of the home,44
Argentina,1424,Male,2016,Working,29
Argentina,232,Male,2016,Working,58
Argentina,401,Male,2016,Working,21
Argentina,1481,Male,2016,Working,76
Argentina,97,Male,2016,Working,30
Argentina,1516,Male,2016,Working,45
Argentina,413,Male,2016,Working,20
Argentina,214,Female,2016,Taking care of the home,31
Argentina,336,Male,2016,Working,60
Argentina,947,Male,2016,Working,63
Argentina,818,Male,2016,Working,32
Argentina,406,Male,2016,Working,21
Argentina,1035,Male,2016,Working,50
Argentina,1144,Male,2016,Working,39
Argentina,1062,Female,2016,Working,29
Argentina,732,Female,2016,Working,55
Argentina,902,Male,2016,Working,44
Argentina,1320,Male,2016,Working,61
Argentina,700,Male,2016,Student,17
Argentina,890,Female,2016,Working,49
Argentina,761,Male,2016,Working,55
Argentina,717,Female,2016,Taking care of the home,31
Argentina,807,Male,2016,"Retired, pensioner or permanently disabled to work",52
Argentina,568,Female,2016,Taking care of the home,52
Argentina,749,Female,2016,Taking care of the home,62
Argentina,1338,Male,2016,Working,66
Argentina,577,Female,2016,Working,29
Argentina,791,Male,2016,"Not working at the moment, but have a job",35
Argentina,496,Female,2016,"Retired, pensioner or permanently disabled to work",66
Argentina,395,Male,2016,Actively looking for a job,20
Argentina,1306,Female,2016,Working,31
Argentina,692,Male,2016,Working,24
Argentina,936,Male,2016,Student,25
Argentina,134,Male,2016,Working,39
Argentina,779,Female,2016,Working,20
Argentina,923,Female,2016,Working,29
Argentina,1249,Male,2016,Actively looking for a job,33
Argentina,856,Male,2016,Working,34
Argentina,869,Female,2016,Taking care of the home,41
Argentina,165,Female,2016,Taking care of the home,62
Argentina,206,Male,2016,Working,21
Argentina,774,Female,2016,Working,51
Argentina,1074,Female,2016,Student,30
Argentina,443,Female,2016,Student,20
Argentina,963,Male,2016,Student,17
Argentina,228,Male,2016,Working,46
Argentina,1349,Female,2016,Working,35
Argentina,553,Male,2016,"Retired, pensioner or permanently disabled to work",67
Argentina,176,Female,2016,Working,39
Argentina,1407,Female,2016,Student,24
Argentina,209,Female,2016,"Retired, pensioner or permanently disabled to work",83
Argentina,28,Female,2016,Student,20
Argentina,926,Female,2016,Taking care of the home,31
Argentina,1452,Female,2016,Working,47
Argentina,1088,Female,2016,Working,49
Argentina,467,Male,2016,Working,22
Argentina,718,Male,2016,Working,44
Argentina,366,Female,2016,"Retired, pensioner or permanently disabled to work",48
Argentina,1161,Female,2016,Working,29
Argentina,1181,Female,2016,Working,45
Argentina,930,Female,2016,Working,29
Argentina,1053,Female,2016,Student,19
Argentina,1231,Male,2016,Working,42
Argentina,1528,Female,2016,Working,20
Argentina,1399,Male,2016,Working,42
Argentina,941,Male,2016,Student,17
Argentina,1420,Male,2016,Working,46
Argentina,1373,Male,2016,Working,44
Argentina,699,Female,2016,Working,61
Argentina,1073,Female,2016,Working,27
Argentina,972,Female,2016,Working,47
Argentina,977,Male,2016,Working,34
Argentina,506,Male,2016,"Retired, pensioner or permanently disabled to work",85
Argentina,358,Male,2016,Working,33
Argentina,110,Female,2016,Working,50
Argentina,622,Female,2016,"Retired, pensioner or permanently disabled to work",81
Argentina,962,Male,2016,Working,60
Argentina,1120,Female,2016,Student,16
Argentina,591,Female,2016,"Retired, pensioner or permanently disabled to work",83
Argentina,1072,Female,2016,Actively looking for a job,18
Argentina,1284,Female,2016,Working,39
Argentina,138,Female,2016,Working,33
Argentina,563,Female,2016,Working,31
Argentina,668,Male,2016,Working,45
Argentina,1030,Female,2016,Taking care of the home,33
Argentina,14,Female,2016,Taking care of the home,42
Argentina,538,Male,2016,Working,62
Argentina,813,Male,2016,Actively looking for a job,19
Argentina,411,Female,2016,Taking care of the home,65
Argentina,435,Female,2016,Working,64
Argentina,1145,Female,2016,Working,28
Argentina,1336,Female,2016,Taking care of the home,27
Argentina,1055,Male,2016,"Retired, pensioner or permanently disabled to work",67
Argentina,914,Female,2016,Taking care of the home,34
Argentina,170,Male,2016,"Retired, pensioner or permanently disabled to work",50
Argentina,1154,Male,2016,Working,28
Argentina,368,Male,2016,"Retired, pensioner or permanently disabled to work",73
Argentina,514,Male,2016,Student,16
Argentina,746,Female,2016,Actively looking for a job,58
Argentina,1096,Female,2016,Working,54
Argentina,687,Female,2016,Working,35
Argentina,282,Female,2016,Working,22
Argentina,917,Male,2016,Working,54
Argentina,1179,Female,2016,Taking care of the home,42
Argentina,795,Male,2016,Working,50
Argentina,984,Male,2016,Working,49
Argentina,878,Female,2016,"Retired, pensioner or permanently disabled to work",44
Argentina,528,Male,2016,Working,34
Argentina,78,Female,2016,Working,69
Argentina,610,Female,2016,Taking care of the home,46
Argentina,304,Female,2016,Taking care of the home,34
Argentina,1227,Male,2016,Working,31
Argentina,895,Male,2016,Working,38
Argentina,552,Male,2016,Working,44
Argentina,707,Male,2016,Working,31
Argentina,1289,Male,2016,Student,16
Argentina,1133,Female,2016,Taking care of the home,33
Argentina,915,Female,2016,Working,28
Argentina,587,Female,2016,Student,17
Argentina,1045,Male,2016,Working,29
Argentina,1224,Female,2016,Student,18
Argentina,296,Male,2016,"Retired, pensioner or permanently disabled to work",76
Argentina,529,Female,2016,Working,60
Argentina,1226,Female,2016,Taking care of the home,35
Argentina,1340,Male,2016,Working,45
Argentina,307,Male,2016,Working,28
Argentina,1203,Male,2016,Working,22
Argentina,1167,Male,2016,Working,54
Argentina,1204,Female,2016,Working,31
Argentina,83,Female,2016,"Not working at the moment, but have a job",34
Argentina,69,Female,2016,Student,20
Argentina,1178,Female,2016,Working,35
Argentina,842,Female,2016,Student,23
Argentina,892,Female,2016,"Retired, pensioner or permanently disabled to work",83
Argentina,195,Female,2016,"Retired, pensioner or permanently disabled to work",56
Argentina,236,Female,2016,Actively looking for a job,23
Argentina,562,Female,2016,Working,23
Argentina,735,Female,2016,Student,26
Argentina,46,Female,2016,Student,17
Argentina,953,Male,2016,Working,33
Argentina,154,Male,2016,Working,38
Argentina,441,Female,2016,Not working and not looking for a job,29
Argentina,1329,Female,2016,Working,34
Argentina,678,Male,2016,Working,34
Argentina,1383,Female,2016,Working,25
Argentina,1489,Female,2016,"Retired, pensioner or permanently disabled to work",60
Argentina,1255,Male,2016,Actively looking for a job,20
Argentina,4,Female,2016,Taking care of the home,35
Argentina,1344,Female,2016,Working,24
Argentina,277,Male,2016,"Retired, pensioner or permanently disabled to work",60
Argentina,1325,Female,2016,Working,49
Argentina,632,Male,2016,Student,20
Argentina,72,Male,2016,Working,28
Argentina,412,Female,2016,Not working and not looking for a job,25
Argentina,1518,Male,2016,Actively looking for a job,22
Argentina,1272,Female,2016,Working,30
Argentina,907,Female,2016,Student,17
Argentina,1458,Male,2016,Student,17
Argentina,640,Male,2016,Working,46
Argentina,542,Female,2016,Working,46
Argentina,937,Male,2016,Working,50
Argentina,1485,Female,2016,"Retired, pensioner or permanently disabled to work",59
Argentina,940,Male,2016,Working,57
Argentina,122,Male,2016,Working,26
Argentina,93,Female,2016,Working,38
Argentina,150,Male,2016,Working,31
Argentina,1269,Male,2016,Working,50
Argentina,877,Male,2016,Working,24
Argentina,226,Male,2016,Student,18
Argentina,376,Female,2016,Student,22
Argentina,249,Female,2016,Student,16
Argentina,242,Female,2016,Taking care of the home,30
Argentina,485,Male,2016,Working,31
Argentina,1324,Male,2016,Working,50
Argentina,873,Female,2016,Working,30
Argentina,861,Female,2016,Taking care of the home,64
Argentina,486,Male,2016,Working,30
Argentina,27,Male,2016,Working,41
Argentina,570,Female,2016,Working,30
Argentina,658,Female,2016,Taking care of the home,44
Argentina,1107,Male,2016,Working,30
Argentina,479,Male,2016,Student,16
Argentina,1313,Female,2016,Working,53
Argentina,893,Male,2016,Working,26
Argentina,1106,Female,2016,Taking care of the home,26
Argentina,1465,Female,2016,Working,51
Argentina,32,Female,2016,Working,49
Argentina,588,Male,2016,"Retired, pensioner or permanently disabled to work",72
Argentina,1187,Female,2016,Working,56
Argentina,720,Male,2016,"Retired, pensioner or permanently disabled to work",67
Argentina,1211,Female,2016,Working,53
Argentina,931,Female,2016,Taking care of the home,67
Argentina,1149,Male,2016,Working,26
Argentina,1508,Male,2016,Working,50
Argentina,252,Female,2016,"Retired, pensioner or permanently disabled to work",64
Argentina,944,Female,2016,Working,42
Argentina,733,Female,2016,Not working and not looking for a job,28
Argentina,23,Female,2016,Taking care of the home,36
Argentina,657,Male,2016,Working,59
Argentina,1119,Male,2016,Working,37
Argentina,535,Male,2016,Working,29
Argentina,1498,Female,2016,Taking care of the home,58
Argentina,874,Female,2016,Working,36
Argentina,1002,Female,2016,Working,25
Argentina,256,Male,2016,Working,18
Argentina,1456,Female,2016,Taking care of the home,30
Argentina,765,Male,2016,Working,45
Argentina,301,Male,2016,Working,45
Argentina,291,Female,2016,Taking care of the home,44
Argentina,450,Female,2016,Taking care of the home,62
Argentina,638,Male,2016,No Response,58
Argentina,1300,Male,2016,Working,22
Argentina,404,Female,2016,Student,19
Argentina,431,Male,2016,Working,70
Argentina,353,Male,2016,Student,22
Argentina,111,Male,2016,Working,50
Argentina,325,Female,2016,Actively looking for a job,55
Argentina,776,Female,2016,Working,42
Argentina,1014,Female,2016,Actively looking for a job,39
Argentina,1359,Male,2016,Not working and not looking for a job,30
Argentina,1405,Female,2016,Taking care of the home,27
Argentina,952,Male,2016,Working,77
Argentina,1056,Male,2016,"Retired, pensioner or permanently disabled to work",72
Argentina,348,Male,2016,Working,37
Argentina,172,Male,2016,Not working and not looking for a job,35
Argentina,820,Female,2016,Student,17
Argentina,1209,Female,2016,Taking care of the home,34
Argentina,71,Female,2016,Working,60
Argentina,106,Male,2016,Working,38
Argentina,13,Female,2016,Taking care of the home,61
Argentina,235,Female,2016,Working,61
Argentina,785,Female,2016,"Retired, pensioner or permanently disabled to work",74
Argentina,533,Male,2016,Working,52
Argentina,780,Female,2016,Taking care of the home,28
Argentina,1483,Female,2016,Working,27
Argentina,119,Female,2016,"Retired, pensioner or permanently disabled to work",72
Argentina,248,Female,2016,Taking care of the home,51
Argentina,975,Male,2016,Working,29
Argentina,1017,Male,2016,Working,52
Argentina,1168,Female,2016,Working,30
Argentina,590,Male,2016,Working,49
Argentina,751,Female,2016,Taking care of the home,30
Argentina,1066,Male,2016,Working,31
Argentina,76,Female,2016,Student,17
Argentina,532,Male,2016,Working,21
Argentina,715,Female,2016,Working,57
Argentina,369,Female,2016,Taking care of the home,56
Argentina,3,Female,2016,Working,32
Argentina,344,Female,2016,"Retired, pensioner or permanently disabled to work",71
Argentina,292,Female,2016,Working,54
Argentina,870,Male,2016,Working,46
Argentina,1415,Female,2016,Taking care of the home,50
Argentina,1372,Female,2016,Working,53
Argentina,1177,Female,2016,Not working and not looking for a job,58
Argentina,389,Female,2016,Working,70
Argentina,141,Female,2016,Working,27
Argentina,620,Male,2016,Working,37
Argentina,641,Male,2016,Working,43
Argentina,251,Female,2016,Taking care of the home,40
Argentina,714,Female,2016,Working,67
Argentina,546,Female,2016,Taking care of the home,41
Argentina,1434,Male,2016,Working,20
Argentina,1021,Female,2016,Taking care of the home,36
Argentina,1029,Female,2016,Working,52
Argentina,113,Female,2016,Working,27
Argentina,784,Male,2016,Student,30
Argentina,166,Male,2016,Student,16
Argentina,674,Female,2016,Working,48
Argentina,957,Female,2016,Actively looking for a job,26
Argentina,829,Male,2016,Working,50
Argentina,1463,Male,2016,"Retired, pensioner or permanently disabled to work",71
Argentina,1386,Male,2016,"Retired, pensioner or permanently disabled to work",73
Argentina,429,Female,2016,"Retired, pensioner or permanently disabled to work",76
Argentina,1207,Male,2016,Working,49
Argentina,1363,Male,2016,Working,43
Argentina,595,Male,2016,Working,24
Argentina,624,Female,2016,Working,48
Argentina,1150,Male,2016,Student,18
Argentina,381,Male,2016,Working,60
Argentina,457,Female,2016,Student,16
Argentina,1067,Female,2016,Working,36
Argentina,1496,Female,2016,Working,43
Argentina,663,Female,2016,Working,48
Argentina,1113,Male,2016,Actively looking for a job,46
Argentina,739,Female,2016,"Retired, pensioner or permanently disabled to work",65
Argentina,891,Male,2016,"Retired, pensioner or permanently disabled to work",69
Argentina,1010,Female,2016,Taking care of the home,19
Argentina,510,Female,2016,Student,18
Argentina,1023,Female,2016,Working,43
Argentina,264,Female,2016,Working,64
Argentina,1316,Male,2016,Working,24
Argentina,537,Male,2016,Working,36
Argentina,1377,Male,2016,Working,43
Argentina,863,Female,2016,Taking care of the home,73
Argentina,852,Female,2016,Student,18
Argentina,388,Male,2016,Student,17
Argentina,109,Female,2016,Working,50
Argentina,583,Male,2016,Working,28
Argentina,787,Female,2016,"Not working at the moment, but have a job",40
Argentina,1497,Male,2016,Student,18
Argentina,1486,Male,2016,"Retired, pensioner or permanently disabled to work",72
Argentina,518,Male,2016,Working,51
Argentina,662,Female,2016,Student,26
Argentina,285,Male,2016,Working,22
Argentina,1228,Female,2016,Working,56
Argentina,754,Male,2016,Student,19
Argentina,933,Female,2016,Taking care of the home,25
Argentina,363,Male,2016,Working,47
Argentina,1100,Male,2016,Working,31
Argentina,521,Female,2016,Working,21
Argentina,755,Male,2016,Working,27
Argentina,181,Female,2016,Working,52
Argentina,468,Female,2016,Working,60
Argentina,310,Male,2016,"Retired, pensioner or permanently disabled to work",82
Argentina,1126,Male,2016,Student,16
Argentina,768,Male,2016,Working,30
Argentina,1016,Female,2016,Working,53
Argentina,753,Female,2016,"Retired, pensioner or permanently disabled to work",64
Argentina,321,Male,2016,Working,30
Argentina,191,Female,2016,Taking care of the home,47
Argentina,1454,Male,2016,Working,31
Argentina,730,Female,2016,Actively looking for a job,36
Argentina,104,Male,2016,Actively looking for a job,25
Argentina,1191,Male,2016,Working,52
Argentina,44,Male,2016,Working,49
Argentina,1050,Male,2016,Working,32
Argentina,384,Male,2016,Student,16
Argentina,162,Male,2016,Working,30
Argentina,958,Female,2016,Taking care of the home,20
Argentina,454,Female,2016,Student,19
Argentina,512,Male,2016,Actively looking for a job,30
Argentina,144,Female,2016,Working,32
Argentina,511,Male,2016,Working,34
Argentina,1122,Male,2016,Working,64
Argentina,432,Female,2016,"Retired, pensioner or permanently disabled to work",79
Argentina,37,Female,2016,Working,29
Argentina,392,Female,2016,Working,53
Argentina,686,Male,2016,Working,49
Argentina,408,Female,2016,Taking care of the home,38
Argentina,1238,Male,2016,Working,35
Argentina,740,Male,2016,Working,48
Argentina,95,Male,2016,Working,53
Argentina,1248,Male,2016,Working,41
Argentina,1208,Male,2016,Student,18
Argentina,6,Male,2016,Working,18
Argentina,1172,Male,2016,Working,52
Argentina,442,Female,2016,Taking care of the home,26
Argentina,653,Male,2016,"Retired, pensioner or permanently disabled to work",49
Argentina,451,Male,2016,"Retired, pensioner or permanently disabled to work",72
Argentina,504,Male,2016,Working,28
Argentina,1379,Male,2016,Working,31
Argentina,461,Female,2016,"Retired, pensioner or permanently disabled to work",82
Argentina,1258,Female,2016,Working,50
Argentina,561,Female,2016,Student,23
Argentina,540,Female,2016,Taking care of the home,49
Argentina,1412,Male,2016,Working,26
Argentina,566,Male,2016,Working,38
Argentina,1235,Male,2016,Working,31
Argentina,1374,Male,2016,Student,18
Argentina,673,Female,2016,Student,18
Argentina,380,Female,2016,Working,30
Argentina,513,Male,2016,"Retired, pensioner or permanently disabled to work",75
Argentina,30,Female,2016,Taking care of the home,29
Argentina,449,Male,2016,"Retired, pensioner or permanently disabled to work",72
Argentina,1513,Female,2016,Actively looking for a job,47
Argentina,769,Female,2016,Taking care of the home,44
Argentina,132,Male,2016,"Retired, pensioner or permanently disabled to work",90
Argentina,497,Female,2016,Working,49
Argentina,403,Female,2016,Student,17
Argentina,1082,Male,2016,Working,50
Argentina,545,Male,2016,Working,57
Argentina,522,Male,2016,Student,21
Argentina,92,Male,2016,Working,62
Argentina,1505,Female,2016,Working,60
Argentina,1250,Female,2016,Working,30
Argentina,656,Female,2016,Working,49
Argentina,433,Male,2016,"Retired, pensioner or permanently disabled to work",66
Argentina,1527,Male,2016,Working,36
Argentina,960,Female,2016,Student,20
Argentina,965,Male,2016,Working,31
Argentina,1342,Female,2016,"Retired, pensioner or permanently disabled to work",68
Argentina,667,Female,2016,Taking care of the home,72
Argentina,482,Female,2016,"Retired, pensioner or permanently disabled to work",81
Argentina,1034,Male,2016,Actively looking for a job,49
Argentina,938,Female,2016,Working,37
Argentina,1261,Male,2016,Actively looking for a job,35
Argentina,956,Male,2016,Working,39
Argentina,1063,Male,2016,Working,61
Argentina,1455,Male,2016,Student,25
Argentina,318,Male,2016,Working,33
Argentina,515,Female,2016,Working,44
Argentina,1127,Male,2016,Working,68
Argentina,1380,Male,2016,"Retired, pensioner or permanently disabled to work",65
Argentina,1466,Male,2016,Working,30
Argentina,858,Female,2016,Working,40
Argentina,942,Male,2016,Actively looking for a job,36
Argentina,9,Male,2016,Student,17
Argentina,541,Male,2016,Student,16
Argentina,287,Female,2016,Working,42
Argentina,190,Female,2016,Taking care of the home,26
Argentina,498,Male,2016,Working,33
Argentina,1065,Male,2016,Working,32
Argentina,1460,Male,2016,"Retired, pensioner or permanently disabled to work",78
Argentina,1099,Male,2016,"Retired, pensioner or permanently disabled to work",71
Argentina,1354,Male,2016,"Not working at the moment, but have a job",38
Argentina,82,Male,2016,Working,25
Argentina,160,Female,2016,Actively looking for a job,30
Argentina,225,Male,2016,Working,49
Argentina,1094,Male,2016,Actively looking for a job,18
Argentina,1495,Male,2016,Working,47
Argentina,689,Male,2016,Actively looking for a job,29
Argentina,1384,Female,2016,Taking care of the home,46
Argentina,1166,Female,2016,Taking care of the home,70
Argentina,24,Female,2016,Working,49
Argentina,875,Female,2016,Taking care of the home,50
Argentina,213,Male,2016,Actively looking for a job,24
Argentina,862,Female,2016,Working,52
Argentina,1367,Female,2016,Student,20
Argentina,303,Male,2016,Student,17
Argentina,314,Male,2016,Working,59
Argentina,393,Female,2016,Working,54
Argentina,17,Male,2016,Working,35
Argentina,764,Female,2016,Taking care of the home,26
Argentina,64,Female,2016,Student,33
Argentina,322,Male,2016,Not working and not looking for a job,21
Argentina,742,Female,2016,Working,45
Argentina,601,Female,2016,Taking care of the home,19
Argentina,501,Male,2016,Working,41
Argentina,832,Male,2016,Working,29
Argentina,845,Male,2016,Working,42
Argentina,474,Female,2016,Taking care of the home,37
Argentina,908,Female,2016,"Retired, pensioner or permanently disabled to work",30
Argentina,1334,Male,2016,Working,18
Argentina,1184,Male,2016,Working,48
Argentina,219,Male,2016,Student,22
Argentina,237,Female,2016,Taking care of the home,49
Argentina,161,Female,2016,Working,26
Argentina,611,Male,2016,Working,35
Argentina,1268,Male,2016,Working,64
Argentina,871,Female,2016,Taking care of the home,49
Argentina,991,Female,2016,Working,31
Argentina,227,Female,2016,Working,26
Argentina,1237,Female,2016,Working,27
Argentina,1341,Female,2016,Working,43
Argentina,604,Male,2016,Actively looking for a job,50
Argentina,558,Female,2016,Taking care of the home,53
Argentina,246,Male,2016,Working,23
Argentina,1387,Female,2016,Taking care of the home,50
Argentina,992,Female,2016,"Retired, pensioner or permanently disabled to work",68
Argentina,1345,Male,2016,"Retired, pensioner or permanently disabled to work",71
Argentina,323,Female,2016,Working,51
Argentina,1461,Female,2016,"Not working at the moment, but have a job",20
Argentina,39,Male,2016,Working,26
Argentina,222,Male,2016,Student,17
Argentina,772,Male,2016,Working,33
Argentina,1080,Male,2016,Actively looking for a job,23
Argentina,1428,Female,2016,Taking care of the home,35
Argentina,377,Female,2016,"Retired, pensioner or permanently disabled to work",75
Argentina,827,Male,2016,Working,24
Argentina,1116,Female,2016,Taking care of the home,29
Argentina,798,Female,2016,"Not working at the moment, but have a job",42
Argentina,544,Male,2016,Working,32
Argentina,1217,Not Applicable,2016,Not Applicable,Not Applicable
Argentina,654,Male,2016,Actively looking for a job,25
Argentina,1091,Female,2016,Student,18
Argentina,192,Male,2016,Student,21
Argentina,1286,Male,2016,Working,30
Argentina,922,Male,2016,Working,24
Argentina,670,Male,2016,Working,30
Argentina,464,Male,2016,Working,56
Argentina,644,Female,2016,"Retired, pensioner or permanently disabled to work",51
Argentina,1511,Male,2016,Working,23
Argentina,1171,Male,2016,Working,23
Argentina,1153,Male,2016,Working,44
Argentina,782,Female,2016,Working,35
Argentina,199,Female,2016,"Retired, pensioner or permanently disabled to work",79
Argentina,308,Male,2016,Student,17
Argentina,1036,Female,2016,"Retired, pensioner or permanently disabled to work",79
Argentina,397,Female,2016,Taking care of the home,36
Argentina,1013,Female,2016,Taking care of the home,31
Argentina,911,Male,2016,Working,59
Argentina,729,Male,2016,Working,61
Argentina,642,Male,2016,"Retired, pensioner or permanently disabled to work",72
Argentina,371,Male,2016,Working,29
Argentina,1360,Female,2016,Taking care of the home,36
Argentina,520,Female,2016,Working,56
Argentina,652,Male,2016,"Not working at the moment, but have a job",62
Argentina,819,Male,2016,Working,18
Argentina,1402,Female,2016,Taking care of the home,27
Argentina,309,Male,2016,Working,49
Argentina,630,Female,2016,Student,21
Argentina,792,Female,2016,"Retired, pensioner or permanently disabled to work",65
Argentina,80,Female,2016,"Retired, pensioner or permanently disabled to work",84
Argentina,1047,Female,2016,Working,45
Argentina,61,Male,2016,Working,26
Argentina,38,Male,2016,"Not working at the moment, but have a job",54
Argentina,688,Male,2016,"Retired, pensioner or permanently disabled to work",68
Argentina,356,Female,2016,Student,23
Argentina,499,Female,2016,Taking care of the home,22
Argentina,886,Male,2016,Working,31
Argentina,171,Female,2016,Actively looking for a job,18
Argentina,997,Male,2016,Working,55
Argentina,178,Female,2016,Taking care of the home,25
Argentina,456,Male,2016,Working,23
Argentina,341,Male,2016,Working,33
Argentina,698,Male,2016,Working,75
Argentina,1326,Male,2016,Working,19
Argentina,1132,Female,2016,Working,49
Argentina,414,Female,2016,Taking care of the home,49
Argentina,472,Female,2016,Student,21
Argentina,836,Female,2016,"Retired, pensioner or permanently disabled to work",63
Argentina,1075,Female,2016,Working,58
Argentina,123,Male,2016,Working,35
Argentina,488,Female,2016,Taking care of the home,27
Argentina,423,Female,2016,Taking care of the home,52
Argentina,569,Female,2016,Taking care of the home,24
Argentina,478,Male,2016,Working,27
Argentina,1246,Female,2016,"Not working at the moment, but have a job",37
Argentina,675,Male,2016,Working,60
Argentina,534,Male,2016,Working,50
Argentina,1139,Female,2016,Working,32
Argentina,1392,Female,2016,Taking care of the home,25
Argentina,597,Male,2016,Working,48
Argentina,824,Female,2016,Working,38
Argentina,1357,Female,2016,Student,18
Argentina,635,Male,2016,Working,35
Argentina,901,Female,2016,Working,20
Argentina,407,Male,2016,Working,41
Argentina,427,Male,2016,Working,46
Argentina,1500,Female,2016,Student,19
Argentina,1423,Male,2016,"Retired, pensioner or permanently disabled to work",72
Argentina,948,Male,2016,"Retired, pensioner or permanently disabled to work",65
Argentina,723,Female,2016,Taking care of the home,36
Argentina,934,Female,2016,"Retired, pensioner or permanently disabled to work",61
Argentina,224,Female,2016,Not working and not looking for a job,16
Argentina,357,Female,2016,Working,30
Argentina,21,Male,2016,Actively looking for a job,32
Argentina,1388,Male,2016,"Retired, pensioner or permanently disabled to work",56
Argentina,10,Male,2016,"Retired, pensioner or permanently disabled to work",56
Argentina,888,Female,2016,Taking care of the home,60
Argentina,1198,Male,2016,Student,22
Argentina,189,Male,2016,Working,50
Argentina,672,Male,2016,Working,46
Argentina,469,Male,2016,"Not working at the moment, but have a job",60
Argentina,327,Male,2016,Working,40
Argentina,767,Male,2016,Working,30
Argentina,68,Female,2016,Working,20
Argentina,1503,Female,2016,Working,49
Argentina,266,Male,2016,Working,58
Argentina,1084,Female,2016,Working,49
Argentina,7,Male,2016,"Retired, pensioner or permanently disabled to work",78
Argentina,118,Male,2016,Working,55
Argentina,112,Male,2016,Working,32
Argentina,352,Female,2016,Taking care of the home,27
Argentina,495,Female,2016,"Retired, pensioner or permanently disabled to work",87
Argentina,270,Male,2016,Student,17
Argentina,581,Female,2016,Working,31
Argentina,602,Male,2016,Working,43
Argentina,1365,Male,2016,"Retired, pensioner or permanently disabled to work",70
Argentina,1243,Male,2016,"Retired, pensioner or permanently disabled to work",74
Argentina,650,Male,2016,Working,30
Argentina,889,Male,2016,Working,47
Argentina,19,Female,2016,Not working and not looking for a job,31
Argentina,1471,Male,2016,Working,51
Argentina,860,Male,2016,Working,21
Argentina,608,Female,2016,Student,18
Argentina,466,Male,2016,Working,50
Argentina,396,Female,2016,Taking care of the home,44
Argentina,300,Male,2016,Student,20
Argentina,738,Male,2016,Student,16
Argentina,612,Male,2016,Working,38
Argentina,103,Male,2016,Working,56
Argentina,924,Female,2016,"Retired, pensioner or permanently disabled to work",67
Argentina,551,Female,2016,Working,29
Argentina,1176,Male,2016,Working,56
Argentina,900,Female,2016,Working,37
Argentina,853,Male,2016,"Retired, pensioner or permanently disabled to work",74
Argentina,507,Male,2016,Actively looking for a job,23
Argentina,1409,Female,2016,Student,16
Argentina,1490,Female,2016,Taking care of the home,54
Argentina,1480,Male,2016,"Retired, pensioner or permanently disabled to work",63
Argentina,1468,Female,2016,Taking care of the home,38
Argentina,278,Male,2016,Working,58
Argentina,969,Male,2016,"Retired, pensioner or permanently disabled to work",72
Argentina,62,Female,2016,Working,51
Argentina,1298,Male,2016,"Retired, pensioner or permanently disabled to work",59
Argentina,978,Male,2016,Actively looking for a job,21
Argentina,1353,Female,2016,Not working and not looking for a job,39
Argentina,549,Female,2016,Working,43
Argentina,898,Female,2016,Taking care of the home,51
Argentina,167,Female,2016,"Retired, pensioner or permanently disabled to work",67
Argentina,1512,Female,2016,Working,42
Argentina,571,Male,2016,Working,31
Argentina,280,Male,2016,Working,31
Argentina,1254,Male,2016,"Retired, pensioner or permanently disabled to work",59
Argentina,998,Female,2016,Taking care of the home,56
Argentina,355,Female,2016,Working,25
Argentina,589,Female,2016,Actively looking for a job,53
Argentina,1431,Female,2016,Taking care of the home,52
Argentina,1394,Female,2016,Student,22
Argentina,822,Male,2016,Actively looking for a job,20
Argentina,883,Female,2016,Working,30
Argentina,502,Male,2016,Working,35
Argentina,1355,Female,2016,Working,35
Argentina,1417,Female,2016,Working,63
Argentina,419,Male,2016,Working,71
Argentina,766,Female,2016,"Retired, pensioner or permanently disabled to work",67
Argentina,29,Female,2016,"Retired, pensioner or permanently disabled to work",78
Argentina,671,Female,2016,Working,19
Argentina,1270,Male,2016,Working,44
Argentina,1492,Female,2016,Taking care of the home,83
Argentina,1343,Male,2016,Working,50
Argentina,231,Male,2016,Working,50
Argentina,271,Female,2016,Taking care of the home,48
Argentina,727,Female,2016,Working,26
Argentina,1182,Male,2016,Working,28
Argentina,330,Male,2016,Actively looking for a job,48
Argentina,49,Female,2016,Student,21
Argentina,1051,Female,2016,Working,35
Argentina,1009,Female,2016,Working,38
Argentina,793,Male,2016,Working,54
Argentina,217,Female,2016,Student,20
Argentina,594,Male,2016,Working,19
Argentina,1026,Female,2016,"Retired, pensioner or permanently disabled to work",75
Argentina,1453,Female,2016,Working,26
Argentina,763,Female,2016,Working,49
Argentina,417,Male,2016,Working,28
Argentina,927,Male,2016,Working,54
Argentina,701,Male,2016,Working,35
Argentina,1404,Male,2016,Working,18
Argentina,1170,Female,2016,Taking care of the home,21
Argentina,1267,Male,2016,"Retired, pensioner or permanently disabled to work",68
Argentina,444,Male,2016,Working,62
Argentina,1421,Male,2016,Student,16
Argentina,994,Female,2016,"Retired, pensioner or permanently disabled to work",73
Argentina,43,Male,2016,Working,29
Argentina,1510,Female,2016,Student,16
Argentina,884,Male,2016,Working,34
Argentina,1256,Male,2016,Actively looking for a job,46
Argentina,1125,Female,2016,"Retired, pensioner or permanently disabled to work",67
Argentina,416,Female,2016,Student,16
Argentina,394,Female,2016,"Retired, pensioner or permanently disabled to work",67
Argentina,102,Female,2016,Actively looking for a job,18
Argentina,1526,Male,2016,Working,41
Argentina,382,Male,2016,Actively looking for a job,38
Argentina,899,Female,2016,"Retired, pensioner or permanently disabled to work",83
Argentina,1408,Female,2016,"Retired, pensioner or permanently disabled to work",64
Argentina,598,Male,2016,Working,67
Argentina,834,Female,2016,"Retired, pensioner or permanently disabled to work",78
Argentina,1,Male,2016,Working,45
Argentina,1294,Male,2016,Working,20
Argentina,1225,Female,2016,Working,47
Argentina,705,Female,2016,"Retired, pensioner or permanently disabled to work",75
Argentina,1382,Female,2016,"Not working at the moment, but have a job",50
Argentina,1089,Female,2016,Working,31
Argentina,1506,Female,2016,"Retired, pensioner or permanently disabled to work",63
Argentina,1044,Female,2016,Working,53
Argentina,519,Male,2016,Working,52
Argentina,1443,Female,2016,Working,27
Argentina,1069,Male,2016,Working,32
Argentina,1185,Female,2016,"Retired, pensioner or permanently disabled to work",60
Argentina,1202,Female,2016,Working,19
Argentina,626,Female,2016,Working,41
Argentina,950,Male,2016,Actively looking for a job,23
Argentina,1156,Male,2016,Working,25
Argentina,319,Male,2016,Working,20
Argentina,163,Male,2016,Working,19
Argentina,837,Male,2016,Working,29
Argentina,646,Female,2016,Actively looking for a job,40
Argentina,193,Male,2016,Actively looking for a job,44
Argentina,849,Male,2016,Taking care of the home,39
Argentina,215,Male,2016,Working,49
Argentina,1095,Female,2016,Working,33
Argentina,1301,Male,2016,Working,33
Argentina,523,Male,2016,Working,39
Argentina,1457,Male,2016,"Retired, pensioner or permanently disabled to work",51
Argentina,367,Male,2016,Working,54
Argentina,1317,Female,2016,Taking care of the home,30
Argentina,481,Female,2016,Working,41
Argentina,1410,Male,2016,Working,38
Argentina,1175,Female,2016,Working,47
Argentina,1436,Male,2016,"Retired, pensioner or permanently disabled to work",65
Argentina,786,Female,2016,"Retired, pensioner or permanently disabled to work",78
Argentina,503,Female,2016,Taking care of the home,45
Argentina,84,Male,2016,Working,46
Argentina,1124,Female,2016,"Retired, pensioner or permanently disabled to work",90
Argentina,116,Female,2016,Taking care of the home,58
Argentina,1223,Male,2016,Working,55
Argentina,54,Female,2016,Taking care of the home,56
Argentina,1477,Male,2016,Student,19
Argentina,731,Male,2016,Working,31
Argentina,1266,Female,2016,"Retired, pensioner or permanently disabled to work",80
Argentina,584,Male,2016,Actively looking for a job,23
Argentina,1422,Female,2016,Working,56
Argentina,179,Male,2016,Working,40
Argentina,57,Female,2016,Working,30
Argentina,711,Male,2016,"Retired, pensioner or permanently disabled to work",87
Argentina,340,Male,2016,Student,16
Argentina,263,Female,2016,Taking care of the home,49
Argentina,1389,Female,2016,Working,62
Argentina,1058,Female,2016,Working,20
Argentina,1438,Female,2016,Taking care of the home,43
Argentina,159,Female,2016,Taking care of the home,25
Argentina,477,Male,2016,Working,50
Argentina,696,Female,2016,Student,18
Argentina,259,Male,2016,Actively looking for a job,45
Argentina,174,Female,2016,"Retired, pensioner or permanently disabled to work",78
Argentina,421,Male,2016,Working,60
Argentina,262,Female,2016,"Retired, pensioner or permanently disabled to work",71
Argentina,373,Female,2016,Working,20
Argentina,712,Male,2016,Working,22
Argentina,1031,Male,2016,Working,44
Argentina,374,Male,2016,Actively looking for a job,19
Argentina,316,Female,2016,Actively looking for a job,26
Argentina,1093,Female,2016,Working,24
Argentina,183,Female,2016,Working,60
Argentina,1401,Female,2016,Working,35
Argentina,1038,Male,2016,Working,72
Argentina,334,Female,2016,Working,34
Argentina,288,Male,2016,Working,25
Argentina,359,Male,2016,Working,63
Argentina,207,Female,2016,Student,20
Argentina,747,Female,2016,"Retired, pensioner or permanently disabled to work",89
Argentina,744,Female,2016,Working,46
Argentina,88,Female,2016,"Not working at the moment, but have a job",49
Argentina,63,Female,2016,"Retired, pensioner or permanently disabled to work",64
Argentina,1193,Male,2016,Working,50
Argentina,311,Male,2016,Working,46
Argentina,1192,Female,2016,Taking care of the home,49
Argentina,70,Male,2016,Working,25
Argentina,736,Female,2016,Taking care of the home,32
Argentina,180,Female,2016,"Retired, pensioner or permanently disabled to work",52
Argentina,585,Female,2016,Working,48
Argentina,101,Male,2016,"Retired, pensioner or permanently disabled to work",57
Argentina,1366,Male,2016,"Retired, pensioner or permanently disabled to work",68
Argentina,500,Male,2016,Working,57
Argentina,831,Female,2016,Taking care of the home,34
Argentina,951,Female,2016,Working,27
Argentina,833,Female,2016,Student,19
Argentina,402,Female,2016,"Retired, pensioner or permanently disabled to work",77
Argentina,1079,Female,2016,Taking care of the home,27
Argentina,559,Female,2016,Working,44
Argentina,146,Male,2016,Working,20
Argentina,20,Female,2016,Working,36
Argentina,748,Male,2016,Working,42
Argentina,1314,Male,2016,Working,19
Argentina,218,Female,2016,Working,59
Argentina,223,Male,2016,Working,49
Argentina,1233,Male,2016,Actively looking for a job,54
Argentina,993,Male,2016,"Retired, pensioner or permanently disabled to work",76
Argentina,476,Female,2016,Working,21
Argentina,1183,Male,2016,Working,18
Argentina,261,Female,2016,Working,30
Argentina,1135,Female,2016,Student,18
Argentina,876,Female,2016,Working,42
Argentina,593,Female,2016,Taking care of the home,29
Argentina,1464,Female,2016,Working,36
Argentina,173,Female,2016,Working,30
Argentina,1027,Male,2016,Student,17
Argentina,31,Female,2016,"Retired, pensioner or permanently disabled to work",66
Argentina,1281,Male,2016,Working,39
Argentina,1303,Male,2016,Working,30
Argentina,1210,Female,2016,"Not working at the moment, but have a job",32
Argentina,1509,Male,2016,Working,28
Argentina,212,Male,2016,Not working and not looking for a job,63
Argentina,1264,Male,2016,Working,83
Argentina,505,Male,2016,Working,44
Argentina,346,Female,2016,Working,43
Argentina,613,Male,2016,Working,38
Argentina,929,Female,2016,Working,33
Argentina,5,Male,2016,"Retired, pensioner or permanently disabled to work",54
Argentina,1318,Female,2016,Taking care of the home,41
Argentina,108,Male,2016,"Not working at the moment, but have a job",44
Argentina,105,Female,2016,Working,19
Argentina,1521,Female,2016,"Retired, pensioner or permanently disabled to work",70
Argentina,1059,Female,2016,Working,28
Argentina,1201,Female,2016,Student,16
